{
    "age_groups": 3,
    "contact_matrix": [
        [
            5.66739822,
            5.54786507,
            1.36434151
        ],
        [
            1.37374578,
            11.85006632,
            1.36205744
        ],
        [
            0.74654507,
            3.009871,
            2.31465659
        ]
    ],
    "edges": {
        "E,I": {
            "weight": 0.1923076923076923
        },
        "I,D": {
            "weight": [
                9.0245675e-07,
                0.000233747886,
                0.005626258360000001
            ]
        },
        "I,R": {
            "weight": [
                0.19999909754325002,
                0.199766252114,
                0.19437374164000001
            ]
        },
        "R,S": {
            "weight": 0.005555555555555556
        },
        "S,E": {
            "weight": 0.05
        }
    },
    "nodes": {
        "D": {
            "init": [
                0,
                0,
                0
            ]
        },
        "E": {
            "init": [
                10,
                0,
                0
            ]
        },
        "I": {
            "init": [
                0,
                0,
                0
            ]
        },
        "R": {
            "init": [
                0,
                0,
                0
            ]
        },
        "S": {
            "init": [
                29118.89131509812,
                117636.87403219395,
                53234.23465270792
            ]
        }
    },
    "pop": [
        29128.89131509812,
        117636.87403219395,
        53234.23465270792
    ],
    "transmission": {
        "I,S,E": {
            "param": 1.0
        }
    }
}